"","Codon List","weight"
"1","TTT",0.188
"2","TTC",0.222
"3","TTA",0.111
"4","TTG",0.111
"5","TCT",0.188
"6","TCC",0.222
"7","TCA",0.111
"8","TCG",0.111
"9","TAT",0.188
"10","TAC",0.333
"11","TGT",0.188
"12","TGC",0.111
"13","TGG",0.111
"14","CTT",0.188
"15","CTC",0.111
"16","CTA",0.111
"17","CTG",0.111
"18","CCT",0.188
"19","CCC",0.111
"20","CCA",0.111
"21","CCG",0.111
"22","CAT",0.188
"23","CAC",0.111
"24","CAA",0.222
"25","CAG",0.222
"26","CGT",0.333
"27","CGC",0.36
"28","CGA",0.063
"29","CGG",0.111
"30","ATT",0.188
"31","ATC",0.333
"32","ATA",0.097
"33","ATG",1
"34","ACT",0.188
"35","ACC",0.222
"36","ACA",0.222
"37","ACG",0.111
"38","AAT",0.188
"39","AAC",0.444
"40","AAA",0.667
"41","AAG",0.188
"42","AGT",0.188
"43","AGC",0.111
"44","AGA",0.222
"45","AGG",0.111
"46","GTT",0.188
"47","GTC",0.222
"48","GTA",0.556
"49","GTG",0.188
"50","GCT",0.188
"51","GCC",0.222
"52","GCA",0.333
"53","GCG",0.188
"54","GAT",0.188
"55","GAC",0.333
"56","GAA",0.444
"57","GAG",0.188
"58","GGT",0.188
"59","GGC",0.444
"60","GGA",0.222
"61","GGG",0.111
