TTT,0.10975
TTC,0.25
TTA,0.125
TTG,0.165
TCT,0.10975
TCC,0.25
TCA,0.125
TCG,0.165
TAT,0.164625
TAC,0.375
TAA,NaN
TAG,NaN
TGT,0.054875
TGC,0.125
TGA,NaN
TGG,0.165
CTT,0.054875
CTC,0.125
CTA,0.125
CTG,0.54
CCT,0.054875
CCC,0.125
CCA,0.125
CCG,0.165
CAT,0.054875
CAC,0.125
CAA,0.25
CAG,0.33
CGT,0.5
CGC,0.36
CGA,0.00005
CGG,0.125
ATT,0.164625
ATC,0.375
ATA,0.163204
ATG,1
ACT,0.10975
ACC,0.25
ACA,0.125
ACG,0.29
AAT,0.2195
AAC,0.5
AAA,0.75
AAG,0.24
AGT,0.054875
AGC,0.125
AGA,0.125
AGG,0.165
GTT,0.10975
GTC,0.25
GTA,0.625
GTG,0.2
GCT,0.10975
GCC,0.25
GCA,0.375
GCG,0.12
GAT,0.164625
GAC,0.375
GAA,0.5
GAG,0.16
GGT,0.2195
GGC,0.5
GGA,0.125
GGG,0.165